Total Max z1 - z2,Total Avg |i_s|
0.6734101583269709,6.766715533100927e-08
