Total Max z1 - z2,Total Avg |i_s|
0.9068822786747879,1.0314908269562792e-07
